{"train": {"accuracy": 0.9254093389933293}, "valid": {"accuracy": 0.8232445520581114}}