{"train": {"accuracy": 0.9169193450576106}, "valid": {"accuracy": 0.8329297820823245}}